<schemalist>
    <schema id="org.gnome.shell.extensions.nightlightslider" path="/org/gnome/shell/extensions/nightlightslider/">
        <key name="show-always" type="b">
            <default>false</default>
            <summary>Show always</summary>
            <description>Show the slider even when night light is disabled or off</description>
        </key>
        <key name="show-status-icon" type="b">
            <default>true</default>
            <summary>Show indicator</summary>
            <description>Show the night light indicator in the status area when night light is enabled</description>
        </key>
        <key name="enable-always" type="b">
            <default>false</default>
            <summary>Enable permanent night light</summary>
            <description>Constantly update the night light schedule such that it is enabled throughout the day</description>
        </key>
        <key name="minimum" type="i">
            <default>1500</default>
            <summary>Lowest temperature</summary>
            <description>Minimum slider value, lower is warmer</description>
        </key>
        <key name="maximum" type="i">
            <default>5000</default>
            <summary>Highest temperature</summary>
            <description>Maximum slider value, higher is cooler</description>
        </key>
        <key name="brightness-sync" type="b">
            <default>false</default>
            <summary>Sync brightness percentage</summary>
            <description>Adjust both brightness and night light warmth</description>
        </key>
        <key name="show-in-submenu" type="b">
            <default>false</default>
            <summary>Show in submenu</summary>
            <description>Display the slider in the night light submenu instead of at the panel menu</description>
        </key>
        <key name="swap-axis" type="b">
            <default>false</default>
            <summary>Swap slider axis</summary>
            <description>Invert the slider axis such that lower is cooler and higher is warmer</description>
        </key>
    </schema>
</schemalist>
